BEGIN TRANSACTION;
CREATE TABLE android_metadata (locale TEXT);
INSERT INTO `android_metadata` VALUES('en_US');
CREATE TABLE "Question" (
	`_id`	INTEGER PRIMARY KEY AUTOINCREMENT,
	`text`	TEXT
);
INSERT INTO `Question` VALUES(0,'Est-ce que tu veux être en intérieur ?');
INSERT INTO `Question` VALUES(1,'Veux tu mettre de l''argent dans ton activité ?');
INSERT INTO `Question` VALUES(2,'Est-ce que tu veux apprendre quelque chose ?');
INSERT INTO `Question` VALUES(3,'Veux tu faire une activité physique ?');
INSERT INTO `Question` VALUES(4,'Question à faire 2');
INSERT INTO `Question` VALUES(5,'Veux tu être devant un écran ?');
INSERT INTO `Question` VALUES(6,'Question à faire 3');
INSERT INTO `Question` VALUES(7,'Es tu seul actuellement ?');
INSERT INTO `Question` VALUES(8,'Souhaites tu faire quelque chose d''utile ?');
INSERT INTO `Question` VALUES(9,'Souhaites tu faire une activité artistique ?');
INSERT INTO `Question` VALUES(10,'Question à faire 4');
INSERT INTO `Question` VALUES(11,'Est-ce que tu as faim ?');
INSERT INTO `Question` VALUES(12,'Question à  faire 5');
INSERT INTO `Question` VALUES(13,'Es-tu sur les nerfs ?');
INSERT INTO `Question` VALUES(14,'Est-ce qu''il fait beau ?');
INSERT INTO `Question` VALUES(15,'Question à  faire 6');
CREATE TABLE `Answer` (
	`id_answer`	INTEGER PRIMARY KEY AUTOINCREMENT,
	`text1`	TEXT,
	`text2`	TEXT,
	`text3`	TEXT
);
INSERT INTO `Answer` VALUES(0,'Non','Tu rêves','No way !');
INSERT INTO `Answer` VALUES(1,'Oui','Carrément','Ok');
INSERT INTO `Answer` VALUES(2,'Peu importe','Je m''en fiche','Je passe');
CREATE TABLE "ActivityQuestion" (
	`_id`	INTEGER PRIMARY KEY AUTOINCREMENT,
	`id_activity`	INTEGER,
	`id_question`	INTEGER,
	`impact`	INTEGER
);
INSERT INTO `ActivityQuestion` VALUES(0,0,0,0);
INSERT INTO `ActivityQuestion` VALUES(2,1,0,0);
INSERT INTO `ActivityQuestion` VALUES(3,2,0,2);
INSERT INTO `ActivityQuestion` VALUES(4,3,0,2);
INSERT INTO `ActivityQuestion` VALUES(5,4,0,0);
INSERT INTO `ActivityQuestion` VALUES(6,5,0,0);
INSERT INTO `ActivityQuestion` VALUES(7,6,0,2);
INSERT INTO `ActivityQuestion` VALUES(8,7,0,2);
INSERT INTO `ActivityQuestion` VALUES(9,8,0,0);
INSERT INTO `ActivityQuestion` VALUES(10,9,0,2);
INSERT INTO `ActivityQuestion` VALUES(11,10,0,2);
INSERT INTO `ActivityQuestion` VALUES(12,11,0,2);
INSERT INTO `ActivityQuestion` VALUES(13,12,0,0);
INSERT INTO `ActivityQuestion` VALUES(14,13,0,0);
INSERT INTO `ActivityQuestion` VALUES(15,14,0,0);
INSERT INTO `ActivityQuestion` VALUES(16,15,0,2);
INSERT INTO `ActivityQuestion` VALUES(17,16,0,2);
INSERT INTO `ActivityQuestion` VALUES(18,17,0,2);
INSERT INTO `ActivityQuestion` VALUES(19,0,1,0);
INSERT INTO `ActivityQuestion` VALUES(20,1,1,0);
INSERT INTO `ActivityQuestion` VALUES(21,2,1,0);
INSERT INTO `ActivityQuestion` VALUES(22,3,1,0);
INSERT INTO `ActivityQuestion` VALUES(23,4,1,0);
INSERT INTO `ActivityQuestion` VALUES(24,5,1,0);
INSERT INTO `ActivityQuestion` VALUES(25,6,1,0);
INSERT INTO `ActivityQuestion` VALUES(26,7,1,0);
INSERT INTO `ActivityQuestion` VALUES(27,8,1,0);
INSERT INTO `ActivityQuestion` VALUES(28,9,1,0);
INSERT INTO `ActivityQuestion` VALUES(29,10,1,0);
INSERT INTO `ActivityQuestion` VALUES(30,11,1,0);
INSERT INTO `ActivityQuestion` VALUES(31,12,1,0);
INSERT INTO `ActivityQuestion` VALUES(32,13,1,0);
INSERT INTO `ActivityQuestion` VALUES(33,14,1,0);
INSERT INTO `ActivityQuestion` VALUES(34,15,1,0);
INSERT INTO `ActivityQuestion` VALUES(35,16,1,0);
INSERT INTO `ActivityQuestion` VALUES(36,17,1,0);
INSERT INTO `ActivityQuestion` VALUES(37,0,2,0);
INSERT INTO `ActivityQuestion` VALUES(38,1,2,0);
INSERT INTO `ActivityQuestion` VALUES(39,2,2,0);
INSERT INTO `ActivityQuestion` VALUES(40,3,2,0);
INSERT INTO `ActivityQuestion` VALUES(41,4,2,0);
INSERT INTO `ActivityQuestion` VALUES(42,5,2,0);
INSERT INTO `ActivityQuestion` VALUES(43,6,2,0);
INSERT INTO `ActivityQuestion` VALUES(44,7,2,0);
INSERT INTO `ActivityQuestion` VALUES(45,8,2,0);
INSERT INTO `ActivityQuestion` VALUES(46,9,2,0);
INSERT INTO `ActivityQuestion` VALUES(47,10,2,0);
INSERT INTO `ActivityQuestion` VALUES(48,11,2,0);
INSERT INTO `ActivityQuestion` VALUES(49,12,2,0);
INSERT INTO `ActivityQuestion` VALUES(50,13,2,0);
INSERT INTO `ActivityQuestion` VALUES(51,14,2,0);
INSERT INTO `ActivityQuestion` VALUES(52,15,2,0);
INSERT INTO `ActivityQuestion` VALUES(53,16,2,0);
INSERT INTO `ActivityQuestion` VALUES(54,17,2,0);
INSERT INTO `ActivityQuestion` VALUES(55,0,3,0);
INSERT INTO `ActivityQuestion` VALUES(56,1,3,0);
INSERT INTO `ActivityQuestion` VALUES(57,2,3,0);
INSERT INTO `ActivityQuestion` VALUES(58,3,3,0);
INSERT INTO `ActivityQuestion` VALUES(59,4,3,0);
INSERT INTO `ActivityQuestion` VALUES(60,5,3,0);
INSERT INTO `ActivityQuestion` VALUES(61,6,3,0);
INSERT INTO `ActivityQuestion` VALUES(62,7,3,0);
INSERT INTO `ActivityQuestion` VALUES(63,8,3,0);
INSERT INTO `ActivityQuestion` VALUES(64,9,3,0);
INSERT INTO `ActivityQuestion` VALUES(65,10,3,0);
INSERT INTO `ActivityQuestion` VALUES(66,11,3,0);
INSERT INTO `ActivityQuestion` VALUES(67,12,3,0);
INSERT INTO `ActivityQuestion` VALUES(68,13,3,0);
INSERT INTO `ActivityQuestion` VALUES(69,14,3,0);
INSERT INTO `ActivityQuestion` VALUES(70,15,3,0);
INSERT INTO `ActivityQuestion` VALUES(71,16,3,0);
INSERT INTO `ActivityQuestion` VALUES(72,17,3,0);
INSERT INTO `ActivityQuestion` VALUES(73,0,4,0);
INSERT INTO `ActivityQuestion` VALUES(74,1,4,0);
INSERT INTO `ActivityQuestion` VALUES(75,2,4,0);
INSERT INTO `ActivityQuestion` VALUES(76,3,4,0);
INSERT INTO `ActivityQuestion` VALUES(77,4,4,0);
INSERT INTO `ActivityQuestion` VALUES(78,5,4,0);
INSERT INTO `ActivityQuestion` VALUES(79,6,4,0);
INSERT INTO `ActivityQuestion` VALUES(80,7,4,0);
INSERT INTO `ActivityQuestion` VALUES(81,8,4,0);
INSERT INTO `ActivityQuestion` VALUES(82,9,4,0);
INSERT INTO `ActivityQuestion` VALUES(83,10,4,0);
INSERT INTO `ActivityQuestion` VALUES(84,11,4,0);
INSERT INTO `ActivityQuestion` VALUES(85,12,4,0);
INSERT INTO `ActivityQuestion` VALUES(86,13,4,0);
INSERT INTO `ActivityQuestion` VALUES(87,14,4,0);
INSERT INTO `ActivityQuestion` VALUES(88,15,4,0);
INSERT INTO `ActivityQuestion` VALUES(89,16,4,0);
INSERT INTO `ActivityQuestion` VALUES(90,17,4,0);
INSERT INTO `ActivityQuestion` VALUES(91,0,5,0);
INSERT INTO `ActivityQuestion` VALUES(92,1,5,0);
INSERT INTO `ActivityQuestion` VALUES(93,2,5,0);
INSERT INTO `ActivityQuestion` VALUES(94,3,5,0);
INSERT INTO `ActivityQuestion` VALUES(95,4,5,0);
INSERT INTO `ActivityQuestion` VALUES(96,5,5,0);
INSERT INTO `ActivityQuestion` VALUES(97,6,5,0);
INSERT INTO `ActivityQuestion` VALUES(98,7,5,0);
INSERT INTO `ActivityQuestion` VALUES(99,8,5,0);
INSERT INTO `ActivityQuestion` VALUES(100,9,5,0);
INSERT INTO `ActivityQuestion` VALUES(101,10,5,0);
INSERT INTO `ActivityQuestion` VALUES(102,11,5,0);
INSERT INTO `ActivityQuestion` VALUES(103,12,5,0);
INSERT INTO `ActivityQuestion` VALUES(104,13,5,0);
INSERT INTO `ActivityQuestion` VALUES(105,14,5,0);
INSERT INTO `ActivityQuestion` VALUES(106,15,5,0);
INSERT INTO `ActivityQuestion` VALUES(107,16,5,0);
INSERT INTO `ActivityQuestion` VALUES(108,17,5,0);
INSERT INTO `ActivityQuestion` VALUES(109,0,6,0);
INSERT INTO `ActivityQuestion` VALUES(110,1,6,0);
INSERT INTO `ActivityQuestion` VALUES(111,2,6,0);
INSERT INTO `ActivityQuestion` VALUES(112,3,6,0);
INSERT INTO `ActivityQuestion` VALUES(113,4,6,0);
INSERT INTO `ActivityQuestion` VALUES(114,5,6,0);
INSERT INTO `ActivityQuestion` VALUES(115,6,6,0);
INSERT INTO `ActivityQuestion` VALUES(116,7,6,0);
INSERT INTO `ActivityQuestion` VALUES(117,8,6,0);
INSERT INTO `ActivityQuestion` VALUES(118,9,6,0);
INSERT INTO `ActivityQuestion` VALUES(119,10,6,0);
INSERT INTO `ActivityQuestion` VALUES(120,11,6,0);
INSERT INTO `ActivityQuestion` VALUES(121,12,6,0);
INSERT INTO `ActivityQuestion` VALUES(122,13,6,0);
INSERT INTO `ActivityQuestion` VALUES(123,14,6,0);
INSERT INTO `ActivityQuestion` VALUES(124,15,6,0);
INSERT INTO `ActivityQuestion` VALUES(125,16,6,0);
INSERT INTO `ActivityQuestion` VALUES(126,17,6,0);
INSERT INTO `ActivityQuestion` VALUES(127,0,7,0);
INSERT INTO `ActivityQuestion` VALUES(128,1,7,0);
INSERT INTO `ActivityQuestion` VALUES(129,2,7,0);
INSERT INTO `ActivityQuestion` VALUES(130,3,7,0);
INSERT INTO `ActivityQuestion` VALUES(131,4,7,0);
INSERT INTO `ActivityQuestion` VALUES(132,5,7,0);
INSERT INTO `ActivityQuestion` VALUES(133,6,7,0);
INSERT INTO `ActivityQuestion` VALUES(134,7,7,0);
INSERT INTO `ActivityQuestion` VALUES(135,8,7,0);
INSERT INTO `ActivityQuestion` VALUES(136,9,7,0);
INSERT INTO `ActivityQuestion` VALUES(137,10,7,0);
INSERT INTO `ActivityQuestion` VALUES(138,11,7,0);
INSERT INTO `ActivityQuestion` VALUES(139,12,7,0);
INSERT INTO `ActivityQuestion` VALUES(140,13,7,0);
INSERT INTO `ActivityQuestion` VALUES(141,14,7,0);
INSERT INTO `ActivityQuestion` VALUES(142,15,7,0);
INSERT INTO `ActivityQuestion` VALUES(143,16,7,0);
INSERT INTO `ActivityQuestion` VALUES(144,17,7,0);
INSERT INTO `ActivityQuestion` VALUES(145,0,8,0);
INSERT INTO `ActivityQuestion` VALUES(146,1,8,0);
INSERT INTO `ActivityQuestion` VALUES(147,2,8,0);
INSERT INTO `ActivityQuestion` VALUES(148,3,8,0);
INSERT INTO `ActivityQuestion` VALUES(149,4,8,0);
INSERT INTO `ActivityQuestion` VALUES(150,5,8,0);
INSERT INTO `ActivityQuestion` VALUES(151,6,8,0);
INSERT INTO `ActivityQuestion` VALUES(152,7,8,0);
INSERT INTO `ActivityQuestion` VALUES(153,8,8,0);
INSERT INTO `ActivityQuestion` VALUES(154,9,8,0);
INSERT INTO `ActivityQuestion` VALUES(155,10,8,0);
INSERT INTO `ActivityQuestion` VALUES(156,11,8,0);
INSERT INTO `ActivityQuestion` VALUES(157,12,8,0);
INSERT INTO `ActivityQuestion` VALUES(158,13,8,0);
INSERT INTO `ActivityQuestion` VALUES(159,14,8,0);
INSERT INTO `ActivityQuestion` VALUES(160,15,8,0);
INSERT INTO `ActivityQuestion` VALUES(161,16,8,0);
INSERT INTO `ActivityQuestion` VALUES(162,17,8,0);
INSERT INTO `ActivityQuestion` VALUES(163,0,9,0);
INSERT INTO `ActivityQuestion` VALUES(164,1,9,0);
INSERT INTO `ActivityQuestion` VALUES(165,2,9,0);
INSERT INTO `ActivityQuestion` VALUES(166,3,9,0);
INSERT INTO `ActivityQuestion` VALUES(167,4,9,0);
INSERT INTO `ActivityQuestion` VALUES(168,5,9,0);
INSERT INTO `ActivityQuestion` VALUES(169,6,9,0);
INSERT INTO `ActivityQuestion` VALUES(170,7,9,0);
INSERT INTO `ActivityQuestion` VALUES(171,8,9,0);
INSERT INTO `ActivityQuestion` VALUES(172,9,9,0);
INSERT INTO `ActivityQuestion` VALUES(173,10,9,0);
INSERT INTO `ActivityQuestion` VALUES(174,11,9,0);
INSERT INTO `ActivityQuestion` VALUES(175,12,9,0);
INSERT INTO `ActivityQuestion` VALUES(176,13,9,0);
INSERT INTO `ActivityQuestion` VALUES(177,14,9,0);
INSERT INTO `ActivityQuestion` VALUES(178,15,9,0);
INSERT INTO `ActivityQuestion` VALUES(179,16,9,0);
INSERT INTO `ActivityQuestion` VALUES(180,17,9,0);
INSERT INTO `ActivityQuestion` VALUES(181,0,10,0);
INSERT INTO `ActivityQuestion` VALUES(182,1,10,0);
INSERT INTO `ActivityQuestion` VALUES(183,2,10,0);
INSERT INTO `ActivityQuestion` VALUES(184,3,10,0);
INSERT INTO `ActivityQuestion` VALUES(185,4,10,0);
INSERT INTO `ActivityQuestion` VALUES(186,5,10,0);
INSERT INTO `ActivityQuestion` VALUES(187,6,10,0);
INSERT INTO `ActivityQuestion` VALUES(188,7,10,0);
INSERT INTO `ActivityQuestion` VALUES(189,8,10,0);
INSERT INTO `ActivityQuestion` VALUES(190,9,10,0);
INSERT INTO `ActivityQuestion` VALUES(191,10,10,0);
INSERT INTO `ActivityQuestion` VALUES(192,11,10,0);
INSERT INTO `ActivityQuestion` VALUES(193,12,10,0);
INSERT INTO `ActivityQuestion` VALUES(194,13,10,0);
INSERT INTO `ActivityQuestion` VALUES(195,14,10,0);
INSERT INTO `ActivityQuestion` VALUES(196,15,10,0);
INSERT INTO `ActivityQuestion` VALUES(197,16,10,0);
INSERT INTO `ActivityQuestion` VALUES(198,17,10,0);
INSERT INTO `ActivityQuestion` VALUES(199,0,11,0);
INSERT INTO `ActivityQuestion` VALUES(200,1,11,0);
INSERT INTO `ActivityQuestion` VALUES(201,2,11,0);
INSERT INTO `ActivityQuestion` VALUES(202,3,11,0);
INSERT INTO `ActivityQuestion` VALUES(203,4,11,0);
INSERT INTO `ActivityQuestion` VALUES(204,5,11,0);
INSERT INTO `ActivityQuestion` VALUES(205,6,11,0);
INSERT INTO `ActivityQuestion` VALUES(206,7,11,0);
INSERT INTO `ActivityQuestion` VALUES(207,8,11,0);
INSERT INTO `ActivityQuestion` VALUES(208,9,11,0);
INSERT INTO `ActivityQuestion` VALUES(209,10,11,0);
INSERT INTO `ActivityQuestion` VALUES(210,11,11,0);
INSERT INTO `ActivityQuestion` VALUES(211,12,11,0);
INSERT INTO `ActivityQuestion` VALUES(212,13,11,0);
INSERT INTO `ActivityQuestion` VALUES(213,14,11,0);
INSERT INTO `ActivityQuestion` VALUES(214,15,11,0);
INSERT INTO `ActivityQuestion` VALUES(215,16,11,0);
INSERT INTO `ActivityQuestion` VALUES(216,17,11,0);
INSERT INTO `ActivityQuestion` VALUES(217,0,12,0);
INSERT INTO `ActivityQuestion` VALUES(218,1,12,0);
INSERT INTO `ActivityQuestion` VALUES(219,2,12,0);
INSERT INTO `ActivityQuestion` VALUES(220,3,12,0);
INSERT INTO `ActivityQuestion` VALUES(221,4,12,0);
INSERT INTO `ActivityQuestion` VALUES(222,5,12,0);
INSERT INTO `ActivityQuestion` VALUES(223,6,12,0);
INSERT INTO `ActivityQuestion` VALUES(224,7,12,0);
INSERT INTO `ActivityQuestion` VALUES(225,8,12,0);
INSERT INTO `ActivityQuestion` VALUES(226,9,12,0);
INSERT INTO `ActivityQuestion` VALUES(227,10,12,0);
INSERT INTO `ActivityQuestion` VALUES(228,11,12,0);
INSERT INTO `ActivityQuestion` VALUES(229,12,12,0);
INSERT INTO `ActivityQuestion` VALUES(230,13,12,0);
INSERT INTO `ActivityQuestion` VALUES(231,14,12,0);
INSERT INTO `ActivityQuestion` VALUES(232,15,12,0);
INSERT INTO `ActivityQuestion` VALUES(233,16,12,0);
INSERT INTO `ActivityQuestion` VALUES(234,17,12,0);
INSERT INTO `ActivityQuestion` VALUES(235,0,13,0);
INSERT INTO `ActivityQuestion` VALUES(236,1,13,0);
INSERT INTO `ActivityQuestion` VALUES(237,2,13,0);
INSERT INTO `ActivityQuestion` VALUES(238,3,13,0);
INSERT INTO `ActivityQuestion` VALUES(239,4,13,0);
INSERT INTO `ActivityQuestion` VALUES(240,5,13,0);
INSERT INTO `ActivityQuestion` VALUES(241,6,13,0);
INSERT INTO `ActivityQuestion` VALUES(242,7,13,0);
INSERT INTO `ActivityQuestion` VALUES(243,8,13,0);
INSERT INTO `ActivityQuestion` VALUES(244,9,13,0);
INSERT INTO `ActivityQuestion` VALUES(245,10,13,0);
INSERT INTO `ActivityQuestion` VALUES(246,11,13,0);
INSERT INTO `ActivityQuestion` VALUES(247,12,13,0);
INSERT INTO `ActivityQuestion` VALUES(248,13,13,0);
INSERT INTO `ActivityQuestion` VALUES(249,14,13,0);
INSERT INTO `ActivityQuestion` VALUES(250,15,13,0);
INSERT INTO `ActivityQuestion` VALUES(251,16,13,0);
INSERT INTO `ActivityQuestion` VALUES(252,17,13,0);
INSERT INTO `ActivityQuestion` VALUES(253,0,14,0);
INSERT INTO `ActivityQuestion` VALUES(254,1,14,0);
INSERT INTO `ActivityQuestion` VALUES(255,2,14,0);
INSERT INTO `ActivityQuestion` VALUES(256,3,14,0);
INSERT INTO `ActivityQuestion` VALUES(257,4,14,0);
INSERT INTO `ActivityQuestion` VALUES(258,5,14,0);
INSERT INTO `ActivityQuestion` VALUES(259,6,14,0);
INSERT INTO `ActivityQuestion` VALUES(260,7,14,0);
INSERT INTO `ActivityQuestion` VALUES(261,8,14,0);
INSERT INTO `ActivityQuestion` VALUES(262,9,14,0);
INSERT INTO `ActivityQuestion` VALUES(263,10,14,0);
INSERT INTO `ActivityQuestion` VALUES(264,11,14,0);
INSERT INTO `ActivityQuestion` VALUES(265,12,14,0);
INSERT INTO `ActivityQuestion` VALUES(266,13,14,0);
INSERT INTO `ActivityQuestion` VALUES(267,14,14,0);
INSERT INTO `ActivityQuestion` VALUES(268,15,14,0);
INSERT INTO `ActivityQuestion` VALUES(269,16,14,0);
INSERT INTO `ActivityQuestion` VALUES(270,17,14,0);
INSERT INTO `ActivityQuestion` VALUES(271,0,15,0);
INSERT INTO `ActivityQuestion` VALUES(272,1,15,0);
INSERT INTO `ActivityQuestion` VALUES(273,2,15,0);
INSERT INTO `ActivityQuestion` VALUES(274,3,15,0);
INSERT INTO `ActivityQuestion` VALUES(275,4,15,0);
INSERT INTO `ActivityQuestion` VALUES(276,5,15,0);
INSERT INTO `ActivityQuestion` VALUES(277,6,15,0);
INSERT INTO `ActivityQuestion` VALUES(278,7,15,0);
INSERT INTO `ActivityQuestion` VALUES(279,8,15,0);
INSERT INTO `ActivityQuestion` VALUES(280,9,15,0);
INSERT INTO `ActivityQuestion` VALUES(281,10,15,0);
INSERT INTO `ActivityQuestion` VALUES(282,11,15,0);
INSERT INTO `ActivityQuestion` VALUES(283,12,15,0);
INSERT INTO `ActivityQuestion` VALUES(284,13,15,0);
INSERT INTO `ActivityQuestion` VALUES(285,14,15,0);
INSERT INTO `ActivityQuestion` VALUES(286,15,15,0);
INSERT INTO `ActivityQuestion` VALUES(287,16,15,0);
INSERT INTO `ActivityQuestion` VALUES(288,17,15,0);
INSERT INTO `ActivityQuestion` VALUES(289,18,0,0);
INSERT INTO `ActivityQuestion` VALUES(290,19,0,0);
INSERT INTO `ActivityQuestion` VALUES(291,20,0,2);
INSERT INTO `ActivityQuestion` VALUES(292,21,0,2);
INSERT INTO `ActivityQuestion` VALUES(293,22,0,0);
INSERT INTO `ActivityQuestion` VALUES(294,23,0,0);
INSERT INTO `ActivityQuestion` VALUES(295,24,0,1);
INSERT INTO `ActivityQuestion` VALUES(296,25,0,1);
INSERT INTO `ActivityQuestion` VALUES(297,26,0,1);
INSERT INTO `ActivityQuestion` VALUES(298,27,0,1);
INSERT INTO `ActivityQuestion` VALUES(299,28,0,1);
INSERT INTO `ActivityQuestion` VALUES(300,29,0,2);
INSERT INTO `ActivityQuestion` VALUES(301,30,0,1);
INSERT INTO `ActivityQuestion` VALUES(302,31,0,1);
INSERT INTO `ActivityQuestion` VALUES(303,32,0,1);
INSERT INTO `ActivityQuestion` VALUES(304,33,0,2);
INSERT INTO `ActivityQuestion` VALUES(305,34,0,2);
INSERT INTO `ActivityQuestion` VALUES(306,35,0,1);
INSERT INTO `ActivityQuestion` VALUES(307,36,0,1);
INSERT INTO `ActivityQuestion` VALUES(308,37,0,1);
INSERT INTO `ActivityQuestion` VALUES(309,38,0,1);
INSERT INTO `ActivityQuestion` VALUES(310,39,0,1);
INSERT INTO `ActivityQuestion` VALUES(311,40,0,1);
INSERT INTO `ActivityQuestion` VALUES(312,41,0,2);
INSERT INTO `ActivityQuestion` VALUES(313,42,0,2);
INSERT INTO `ActivityQuestion` VALUES(314,43,0,2);
INSERT INTO `ActivityQuestion` VALUES(315,44,0,2);
INSERT INTO `ActivityQuestion` VALUES(316,45,0,2);
INSERT INTO `ActivityQuestion` VALUES(317,46,0,2);
INSERT INTO `ActivityQuestion` VALUES(318,47,0,1);
INSERT INTO `ActivityQuestion` VALUES(319,48,0,1);
INSERT INTO `ActivityQuestion` VALUES(320,49,0,0);
INSERT INTO `ActivityQuestion` VALUES(321,18,1,0);
INSERT INTO `ActivityQuestion` VALUES(322,19,1,0);
INSERT INTO `ActivityQuestion` VALUES(323,20,1,0);
INSERT INTO `ActivityQuestion` VALUES(324,21,1,0);
INSERT INTO `ActivityQuestion` VALUES(325,22,1,0);
INSERT INTO `ActivityQuestion` VALUES(326,23,1,0);
INSERT INTO `ActivityQuestion` VALUES(327,24,1,1);
INSERT INTO `ActivityQuestion` VALUES(328,25,1,1);
INSERT INTO `ActivityQuestion` VALUES(329,26,1,0);
INSERT INTO `ActivityQuestion` VALUES(330,27,1,0);
INSERT INTO `ActivityQuestion` VALUES(331,28,1,0);
INSERT INTO `ActivityQuestion` VALUES(332,29,1,0);
INSERT INTO `ActivityQuestion` VALUES(333,30,1,1);
INSERT INTO `ActivityQuestion` VALUES(334,31,1,1);
INSERT INTO `ActivityQuestion` VALUES(335,32,1,2);
INSERT INTO `ActivityQuestion` VALUES(336,33,1,0);
INSERT INTO `ActivityQuestion` VALUES(337,34,1,0);
INSERT INTO `ActivityQuestion` VALUES(338,35,1,1);
INSERT INTO `ActivityQuestion` VALUES(339,36,1,1);
INSERT INTO `ActivityQuestion` VALUES(340,37,1,1);
INSERT INTO `ActivityQuestion` VALUES(341,38,1,1);
INSERT INTO `ActivityQuestion` VALUES(342,39,1,1);
INSERT INTO `ActivityQuestion` VALUES(343,40,1,1);
INSERT INTO `ActivityQuestion` VALUES(344,41,1,0);
INSERT INTO `ActivityQuestion` VALUES(345,42,1,0);
INSERT INTO `ActivityQuestion` VALUES(346,43,1,2);
INSERT INTO `ActivityQuestion` VALUES(347,44,1,2);
INSERT INTO `ActivityQuestion` VALUES(348,45,1,2);
INSERT INTO `ActivityQuestion` VALUES(349,46,1,0);
INSERT INTO `ActivityQuestion` VALUES(350,47,1,1);
INSERT INTO `ActivityQuestion` VALUES(351,48,1,1);
INSERT INTO `ActivityQuestion` VALUES(352,49,1,2);
INSERT INTO `ActivityQuestion` VALUES(353,18,2,0);
INSERT INTO `ActivityQuestion` VALUES(354,19,2,0);
INSERT INTO `ActivityQuestion` VALUES(355,20,2,0);
INSERT INTO `ActivityQuestion` VALUES(356,21,2,0);
INSERT INTO `ActivityQuestion` VALUES(357,22,2,0);
INSERT INTO `ActivityQuestion` VALUES(358,23,2,0);
INSERT INTO `ActivityQuestion` VALUES(359,24,2,0);
INSERT INTO `ActivityQuestion` VALUES(360,25,2,0);
INSERT INTO `ActivityQuestion` VALUES(361,26,2,0);
INSERT INTO `ActivityQuestion` VALUES(362,27,2,0);
INSERT INTO `ActivityQuestion` VALUES(363,28,2,0);
INSERT INTO `ActivityQuestion` VALUES(364,29,2,0);
INSERT INTO `ActivityQuestion` VALUES(365,30,2,0);
INSERT INTO `ActivityQuestion` VALUES(366,31,2,0);
INSERT INTO `ActivityQuestion` VALUES(367,32,2,0);
INSERT INTO `ActivityQuestion` VALUES(368,33,2,0);
INSERT INTO `ActivityQuestion` VALUES(369,34,2,0);
INSERT INTO `ActivityQuestion` VALUES(370,35,2,0);
INSERT INTO `ActivityQuestion` VALUES(371,36,2,0);
INSERT INTO `ActivityQuestion` VALUES(372,37,2,0);
INSERT INTO `ActivityQuestion` VALUES(373,38,2,0);
INSERT INTO `ActivityQuestion` VALUES(374,39,2,0);
INSERT INTO `ActivityQuestion` VALUES(375,40,2,0);
INSERT INTO `ActivityQuestion` VALUES(376,41,2,0);
INSERT INTO `ActivityQuestion` VALUES(377,42,2,0);
INSERT INTO `ActivityQuestion` VALUES(378,43,2,0);
INSERT INTO `ActivityQuestion` VALUES(379,44,2,0);
INSERT INTO `ActivityQuestion` VALUES(380,45,2,0);
INSERT INTO `ActivityQuestion` VALUES(381,46,2,0);
INSERT INTO `ActivityQuestion` VALUES(382,47,2,0);
INSERT INTO `ActivityQuestion` VALUES(383,48,2,0);
INSERT INTO `ActivityQuestion` VALUES(384,49,2,0);
INSERT INTO `ActivityQuestion` VALUES(385,18,3,0);
INSERT INTO `ActivityQuestion` VALUES(386,19,3,0);
INSERT INTO `ActivityQuestion` VALUES(387,20,3,0);
INSERT INTO `ActivityQuestion` VALUES(388,21,3,0);
INSERT INTO `ActivityQuestion` VALUES(389,22,3,0);
INSERT INTO `ActivityQuestion` VALUES(390,23,3,0);
INSERT INTO `ActivityQuestion` VALUES(391,24,3,0);
INSERT INTO `ActivityQuestion` VALUES(392,25,3,0);
INSERT INTO `ActivityQuestion` VALUES(393,26,3,0);
INSERT INTO `ActivityQuestion` VALUES(394,27,3,0);
INSERT INTO `ActivityQuestion` VALUES(395,28,3,0);
INSERT INTO `ActivityQuestion` VALUES(396,29,3,0);
INSERT INTO `ActivityQuestion` VALUES(397,30,3,0);
INSERT INTO `ActivityQuestion` VALUES(398,31,3,0);
INSERT INTO `ActivityQuestion` VALUES(399,32,3,0);
INSERT INTO `ActivityQuestion` VALUES(400,33,3,0);
INSERT INTO `ActivityQuestion` VALUES(401,34,3,0);
INSERT INTO `ActivityQuestion` VALUES(402,35,3,0);
INSERT INTO `ActivityQuestion` VALUES(403,36,3,0);
INSERT INTO `ActivityQuestion` VALUES(404,37,3,0);
INSERT INTO `ActivityQuestion` VALUES(405,38,3,0);
INSERT INTO `ActivityQuestion` VALUES(406,39,3,0);
INSERT INTO `ActivityQuestion` VALUES(407,40,3,0);
INSERT INTO `ActivityQuestion` VALUES(408,41,3,0);
INSERT INTO `ActivityQuestion` VALUES(409,42,3,0);
INSERT INTO `ActivityQuestion` VALUES(410,43,3,0);
INSERT INTO `ActivityQuestion` VALUES(411,44,3,0);
INSERT INTO `ActivityQuestion` VALUES(412,45,3,0);
INSERT INTO `ActivityQuestion` VALUES(413,46,3,0);
INSERT INTO `ActivityQuestion` VALUES(414,47,3,0);
INSERT INTO `ActivityQuestion` VALUES(415,48,3,0);
INSERT INTO `ActivityQuestion` VALUES(416,49,3,0);
INSERT INTO `ActivityQuestion` VALUES(417,18,4,0);
INSERT INTO `ActivityQuestion` VALUES(418,19,4,0);
INSERT INTO `ActivityQuestion` VALUES(419,20,4,0);
INSERT INTO `ActivityQuestion` VALUES(420,21,4,0);
INSERT INTO `ActivityQuestion` VALUES(421,22,4,0);
INSERT INTO `ActivityQuestion` VALUES(422,23,4,0);
INSERT INTO `ActivityQuestion` VALUES(423,24,4,0);
INSERT INTO `ActivityQuestion` VALUES(424,25,4,0);
INSERT INTO `ActivityQuestion` VALUES(425,26,4,0);
INSERT INTO `ActivityQuestion` VALUES(426,27,4,0);
INSERT INTO `ActivityQuestion` VALUES(427,28,4,0);
INSERT INTO `ActivityQuestion` VALUES(428,29,4,0);
INSERT INTO `ActivityQuestion` VALUES(429,30,4,0);
INSERT INTO `ActivityQuestion` VALUES(430,31,4,0);
INSERT INTO `ActivityQuestion` VALUES(431,32,4,0);
INSERT INTO `ActivityQuestion` VALUES(432,33,4,0);
INSERT INTO `ActivityQuestion` VALUES(433,34,4,0);
INSERT INTO `ActivityQuestion` VALUES(434,35,4,0);
INSERT INTO `ActivityQuestion` VALUES(435,36,4,0);
INSERT INTO `ActivityQuestion` VALUES(436,37,4,0);
INSERT INTO `ActivityQuestion` VALUES(437,38,4,0);
INSERT INTO `ActivityQuestion` VALUES(438,39,4,0);
INSERT INTO `ActivityQuestion` VALUES(439,40,4,0);
INSERT INTO `ActivityQuestion` VALUES(440,41,4,0);
INSERT INTO `ActivityQuestion` VALUES(441,42,4,0);
INSERT INTO `ActivityQuestion` VALUES(442,43,4,0);
INSERT INTO `ActivityQuestion` VALUES(443,44,4,0);
INSERT INTO `ActivityQuestion` VALUES(444,45,4,0);
INSERT INTO `ActivityQuestion` VALUES(445,46,4,0);
INSERT INTO `ActivityQuestion` VALUES(446,47,4,0);
INSERT INTO `ActivityQuestion` VALUES(447,48,4,0);
INSERT INTO `ActivityQuestion` VALUES(448,49,4,0);
INSERT INTO `ActivityQuestion` VALUES(449,18,5,0);
INSERT INTO `ActivityQuestion` VALUES(450,19,5,0);
INSERT INTO `ActivityQuestion` VALUES(451,20,5,0);
INSERT INTO `ActivityQuestion` VALUES(452,21,5,0);
INSERT INTO `ActivityQuestion` VALUES(453,22,5,0);
INSERT INTO `ActivityQuestion` VALUES(454,23,5,0);
INSERT INTO `ActivityQuestion` VALUES(455,24,5,0);
INSERT INTO `ActivityQuestion` VALUES(456,25,5,0);
INSERT INTO `ActivityQuestion` VALUES(457,26,5,0);
INSERT INTO `ActivityQuestion` VALUES(458,27,5,0);
INSERT INTO `ActivityQuestion` VALUES(459,28,5,0);
INSERT INTO `ActivityQuestion` VALUES(460,29,5,0);
INSERT INTO `ActivityQuestion` VALUES(461,30,5,0);
INSERT INTO `ActivityQuestion` VALUES(462,31,5,0);
INSERT INTO `ActivityQuestion` VALUES(463,32,5,0);
INSERT INTO `ActivityQuestion` VALUES(464,33,5,0);
INSERT INTO `ActivityQuestion` VALUES(465,34,5,0);
INSERT INTO `ActivityQuestion` VALUES(466,35,5,0);
INSERT INTO `ActivityQuestion` VALUES(467,36,5,0);
INSERT INTO `ActivityQuestion` VALUES(468,37,5,0);
INSERT INTO `ActivityQuestion` VALUES(469,38,5,0);
INSERT INTO `ActivityQuestion` VALUES(470,39,5,0);
INSERT INTO `ActivityQuestion` VALUES(471,40,5,0);
INSERT INTO `ActivityQuestion` VALUES(472,41,5,0);
INSERT INTO `ActivityQuestion` VALUES(473,42,5,0);
INSERT INTO `ActivityQuestion` VALUES(474,43,5,0);
INSERT INTO `ActivityQuestion` VALUES(475,44,5,0);
INSERT INTO `ActivityQuestion` VALUES(476,45,5,0);
INSERT INTO `ActivityQuestion` VALUES(477,46,5,0);
INSERT INTO `ActivityQuestion` VALUES(478,47,5,0);
INSERT INTO `ActivityQuestion` VALUES(479,48,5,0);
INSERT INTO `ActivityQuestion` VALUES(480,49,5,0);
INSERT INTO `ActivityQuestion` VALUES(481,18,6,0);
INSERT INTO `ActivityQuestion` VALUES(482,19,6,0);
INSERT INTO `ActivityQuestion` VALUES(483,20,6,0);
INSERT INTO `ActivityQuestion` VALUES(484,21,6,0);
INSERT INTO `ActivityQuestion` VALUES(485,22,6,0);
INSERT INTO `ActivityQuestion` VALUES(486,23,6,0);
INSERT INTO `ActivityQuestion` VALUES(487,24,6,0);
INSERT INTO `ActivityQuestion` VALUES(488,25,6,0);
INSERT INTO `ActivityQuestion` VALUES(489,26,6,0);
INSERT INTO `ActivityQuestion` VALUES(490,27,6,0);
INSERT INTO `ActivityQuestion` VALUES(491,28,6,0);
INSERT INTO `ActivityQuestion` VALUES(492,29,6,0);
INSERT INTO `ActivityQuestion` VALUES(493,30,6,0);
INSERT INTO `ActivityQuestion` VALUES(494,31,6,0);
INSERT INTO `ActivityQuestion` VALUES(495,32,6,0);
INSERT INTO `ActivityQuestion` VALUES(496,33,6,0);
INSERT INTO `ActivityQuestion` VALUES(497,34,6,0);
INSERT INTO `ActivityQuestion` VALUES(498,35,6,0);
INSERT INTO `ActivityQuestion` VALUES(499,36,6,0);
INSERT INTO `ActivityQuestion` VALUES(500,37,6,0);
INSERT INTO `ActivityQuestion` VALUES(501,38,6,0);
INSERT INTO `ActivityQuestion` VALUES(502,39,6,0);
INSERT INTO `ActivityQuestion` VALUES(503,40,6,0);
INSERT INTO `ActivityQuestion` VALUES(504,41,6,0);
INSERT INTO `ActivityQuestion` VALUES(505,42,6,0);
INSERT INTO `ActivityQuestion` VALUES(506,43,6,0);
INSERT INTO `ActivityQuestion` VALUES(507,44,6,0);
INSERT INTO `ActivityQuestion` VALUES(508,45,6,0);
INSERT INTO `ActivityQuestion` VALUES(509,46,6,0);
INSERT INTO `ActivityQuestion` VALUES(510,47,6,0);
INSERT INTO `ActivityQuestion` VALUES(511,48,6,0);
INSERT INTO `ActivityQuestion` VALUES(512,49,6,0);
INSERT INTO `ActivityQuestion` VALUES(513,18,7,0);
INSERT INTO `ActivityQuestion` VALUES(514,19,7,0);
INSERT INTO `ActivityQuestion` VALUES(515,20,7,0);
INSERT INTO `ActivityQuestion` VALUES(516,21,7,0);
INSERT INTO `ActivityQuestion` VALUES(517,22,7,0);
INSERT INTO `ActivityQuestion` VALUES(518,23,7,0);
INSERT INTO `ActivityQuestion` VALUES(519,24,7,0);
INSERT INTO `ActivityQuestion` VALUES(520,25,7,0);
INSERT INTO `ActivityQuestion` VALUES(521,26,7,0);
INSERT INTO `ActivityQuestion` VALUES(522,27,7,0);
INSERT INTO `ActivityQuestion` VALUES(523,28,7,0);
INSERT INTO `ActivityQuestion` VALUES(524,29,7,0);
INSERT INTO `ActivityQuestion` VALUES(525,30,7,0);
INSERT INTO `ActivityQuestion` VALUES(526,31,7,0);
INSERT INTO `ActivityQuestion` VALUES(527,32,7,0);
INSERT INTO `ActivityQuestion` VALUES(528,33,7,0);
INSERT INTO `ActivityQuestion` VALUES(529,34,7,0);
INSERT INTO `ActivityQuestion` VALUES(530,35,7,0);
INSERT INTO `ActivityQuestion` VALUES(531,36,7,0);
INSERT INTO `ActivityQuestion` VALUES(532,37,7,0);
INSERT INTO `ActivityQuestion` VALUES(533,38,7,0);
INSERT INTO `ActivityQuestion` VALUES(534,39,7,0);
INSERT INTO `ActivityQuestion` VALUES(535,40,7,0);
INSERT INTO `ActivityQuestion` VALUES(536,41,7,0);
INSERT INTO `ActivityQuestion` VALUES(537,42,7,0);
INSERT INTO `ActivityQuestion` VALUES(538,43,7,0);
INSERT INTO `ActivityQuestion` VALUES(539,44,7,0);
INSERT INTO `ActivityQuestion` VALUES(540,45,7,0);
INSERT INTO `ActivityQuestion` VALUES(541,46,7,0);
INSERT INTO `ActivityQuestion` VALUES(542,47,7,0);
INSERT INTO `ActivityQuestion` VALUES(543,48,7,0);
INSERT INTO `ActivityQuestion` VALUES(544,49,7,0);
INSERT INTO `ActivityQuestion` VALUES(545,18,8,0);
INSERT INTO `ActivityQuestion` VALUES(546,19,8,0);
INSERT INTO `ActivityQuestion` VALUES(547,20,8,0);
INSERT INTO `ActivityQuestion` VALUES(548,21,8,0);
INSERT INTO `ActivityQuestion` VALUES(549,22,8,0);
INSERT INTO `ActivityQuestion` VALUES(550,23,8,0);
INSERT INTO `ActivityQuestion` VALUES(551,24,8,0);
INSERT INTO `ActivityQuestion` VALUES(552,25,8,0);
INSERT INTO `ActivityQuestion` VALUES(553,26,8,0);
INSERT INTO `ActivityQuestion` VALUES(554,27,8,0);
INSERT INTO `ActivityQuestion` VALUES(555,28,8,0);
INSERT INTO `ActivityQuestion` VALUES(556,29,8,0);
INSERT INTO `ActivityQuestion` VALUES(557,30,8,0);
INSERT INTO `ActivityQuestion` VALUES(558,31,8,0);
INSERT INTO `ActivityQuestion` VALUES(559,32,8,0);
INSERT INTO `ActivityQuestion` VALUES(560,33,8,0);
INSERT INTO `ActivityQuestion` VALUES(561,34,8,0);
INSERT INTO `ActivityQuestion` VALUES(562,35,8,0);
INSERT INTO `ActivityQuestion` VALUES(563,36,8,0);
INSERT INTO `ActivityQuestion` VALUES(564,37,8,0);
INSERT INTO `ActivityQuestion` VALUES(565,38,8,0);
INSERT INTO `ActivityQuestion` VALUES(566,39,8,0);
INSERT INTO `ActivityQuestion` VALUES(567,40,8,0);
INSERT INTO `ActivityQuestion` VALUES(568,41,8,0);
INSERT INTO `ActivityQuestion` VALUES(569,42,8,0);
INSERT INTO `ActivityQuestion` VALUES(570,43,8,0);
INSERT INTO `ActivityQuestion` VALUES(571,44,8,0);
INSERT INTO `ActivityQuestion` VALUES(572,45,8,0);
INSERT INTO `ActivityQuestion` VALUES(573,46,8,0);
INSERT INTO `ActivityQuestion` VALUES(574,47,8,0);
INSERT INTO `ActivityQuestion` VALUES(575,48,8,0);
INSERT INTO `ActivityQuestion` VALUES(576,49,8,0);
INSERT INTO `ActivityQuestion` VALUES(577,18,9,0);
INSERT INTO `ActivityQuestion` VALUES(578,19,9,0);
INSERT INTO `ActivityQuestion` VALUES(579,20,9,0);
INSERT INTO `ActivityQuestion` VALUES(580,21,9,0);
INSERT INTO `ActivityQuestion` VALUES(581,22,9,0);
INSERT INTO `ActivityQuestion` VALUES(582,23,9,0);
INSERT INTO `ActivityQuestion` VALUES(583,24,9,0);
INSERT INTO `ActivityQuestion` VALUES(584,25,9,0);
INSERT INTO `ActivityQuestion` VALUES(585,26,9,0);
INSERT INTO `ActivityQuestion` VALUES(586,27,9,0);
INSERT INTO `ActivityQuestion` VALUES(587,28,9,0);
INSERT INTO `ActivityQuestion` VALUES(588,29,9,0);
INSERT INTO `ActivityQuestion` VALUES(589,30,9,0);
INSERT INTO `ActivityQuestion` VALUES(590,31,9,0);
INSERT INTO `ActivityQuestion` VALUES(591,32,9,0);
INSERT INTO `ActivityQuestion` VALUES(592,33,9,0);
INSERT INTO `ActivityQuestion` VALUES(593,34,9,0);
INSERT INTO `ActivityQuestion` VALUES(594,35,9,0);
INSERT INTO `ActivityQuestion` VALUES(595,36,9,0);
INSERT INTO `ActivityQuestion` VALUES(596,37,9,0);
INSERT INTO `ActivityQuestion` VALUES(597,38,9,0);
INSERT INTO `ActivityQuestion` VALUES(598,39,9,0);
INSERT INTO `ActivityQuestion` VALUES(599,40,9,0);
INSERT INTO `ActivityQuestion` VALUES(600,41,9,0);
INSERT INTO `ActivityQuestion` VALUES(601,42,9,0);
INSERT INTO `ActivityQuestion` VALUES(602,43,9,0);
INSERT INTO `ActivityQuestion` VALUES(603,44,9,0);
INSERT INTO `ActivityQuestion` VALUES(604,45,9,0);
INSERT INTO `ActivityQuestion` VALUES(605,46,9,0);
INSERT INTO `ActivityQuestion` VALUES(606,47,9,0);
INSERT INTO `ActivityQuestion` VALUES(607,48,9,0);
INSERT INTO `ActivityQuestion` VALUES(608,49,9,0);
INSERT INTO `ActivityQuestion` VALUES(609,18,10,0);
INSERT INTO `ActivityQuestion` VALUES(610,19,10,0);
INSERT INTO `ActivityQuestion` VALUES(611,20,10,0);
INSERT INTO `ActivityQuestion` VALUES(612,21,10,0);
INSERT INTO `ActivityQuestion` VALUES(613,22,10,0);
INSERT INTO `ActivityQuestion` VALUES(614,23,10,0);
INSERT INTO `ActivityQuestion` VALUES(615,24,10,0);
INSERT INTO `ActivityQuestion` VALUES(616,25,10,0);
INSERT INTO `ActivityQuestion` VALUES(617,26,10,0);
INSERT INTO `ActivityQuestion` VALUES(618,27,10,0);
INSERT INTO `ActivityQuestion` VALUES(619,28,10,0);
INSERT INTO `ActivityQuestion` VALUES(620,29,10,0);
INSERT INTO `ActivityQuestion` VALUES(621,30,10,0);
INSERT INTO `ActivityQuestion` VALUES(622,31,10,0);
INSERT INTO `ActivityQuestion` VALUES(623,32,10,0);
INSERT INTO `ActivityQuestion` VALUES(624,33,10,0);
INSERT INTO `ActivityQuestion` VALUES(625,34,10,0);
INSERT INTO `ActivityQuestion` VALUES(626,35,10,0);
INSERT INTO `ActivityQuestion` VALUES(627,36,10,0);
INSERT INTO `ActivityQuestion` VALUES(628,37,10,0);
INSERT INTO `ActivityQuestion` VALUES(629,38,10,0);
INSERT INTO `ActivityQuestion` VALUES(630,39,10,0);
INSERT INTO `ActivityQuestion` VALUES(631,40,10,0);
INSERT INTO `ActivityQuestion` VALUES(632,41,10,0);
INSERT INTO `ActivityQuestion` VALUES(633,42,10,0);
INSERT INTO `ActivityQuestion` VALUES(634,43,10,0);
INSERT INTO `ActivityQuestion` VALUES(635,44,10,0);
INSERT INTO `ActivityQuestion` VALUES(636,45,10,0);
INSERT INTO `ActivityQuestion` VALUES(637,46,10,0);
INSERT INTO `ActivityQuestion` VALUES(638,47,10,0);
INSERT INTO `ActivityQuestion` VALUES(639,48,10,0);
INSERT INTO `ActivityQuestion` VALUES(640,49,10,0);
INSERT INTO `ActivityQuestion` VALUES(641,18,11,0);
INSERT INTO `ActivityQuestion` VALUES(642,19,11,0);
INSERT INTO `ActivityQuestion` VALUES(643,20,11,0);
INSERT INTO `ActivityQuestion` VALUES(644,21,11,0);
INSERT INTO `ActivityQuestion` VALUES(645,22,11,0);
INSERT INTO `ActivityQuestion` VALUES(646,23,11,0);
INSERT INTO `ActivityQuestion` VALUES(647,24,11,0);
INSERT INTO `ActivityQuestion` VALUES(648,25,11,0);
INSERT INTO `ActivityQuestion` VALUES(649,26,11,0);
INSERT INTO `ActivityQuestion` VALUES(650,27,11,0);
INSERT INTO `ActivityQuestion` VALUES(651,28,11,0);
INSERT INTO `ActivityQuestion` VALUES(652,29,11,0);
INSERT INTO `ActivityQuestion` VALUES(653,30,11,0);
INSERT INTO `ActivityQuestion` VALUES(654,31,11,0);
INSERT INTO `ActivityQuestion` VALUES(655,32,11,0);
INSERT INTO `ActivityQuestion` VALUES(656,33,11,0);
INSERT INTO `ActivityQuestion` VALUES(657,34,11,0);
INSERT INTO `ActivityQuestion` VALUES(658,35,11,0);
INSERT INTO `ActivityQuestion` VALUES(659,36,11,0);
INSERT INTO `ActivityQuestion` VALUES(660,37,11,0);
INSERT INTO `ActivityQuestion` VALUES(661,38,11,0);
INSERT INTO `ActivityQuestion` VALUES(662,39,11,0);
INSERT INTO `ActivityQuestion` VALUES(663,40,11,0);
INSERT INTO `ActivityQuestion` VALUES(664,41,11,0);
INSERT INTO `ActivityQuestion` VALUES(665,42,11,0);
INSERT INTO `ActivityQuestion` VALUES(666,43,11,0);
INSERT INTO `ActivityQuestion` VALUES(667,44,11,0);
INSERT INTO `ActivityQuestion` VALUES(668,45,11,0);
INSERT INTO `ActivityQuestion` VALUES(669,46,11,0);
INSERT INTO `ActivityQuestion` VALUES(670,47,11,0);
INSERT INTO `ActivityQuestion` VALUES(671,48,11,0);
INSERT INTO `ActivityQuestion` VALUES(672,49,11,0);
INSERT INTO `ActivityQuestion` VALUES(673,18,12,0);
INSERT INTO `ActivityQuestion` VALUES(674,19,12,0);
INSERT INTO `ActivityQuestion` VALUES(675,20,12,0);
INSERT INTO `ActivityQuestion` VALUES(676,21,12,0);
INSERT INTO `ActivityQuestion` VALUES(677,22,12,0);
INSERT INTO `ActivityQuestion` VALUES(678,23,12,0);
INSERT INTO `ActivityQuestion` VALUES(679,24,12,0);
INSERT INTO `ActivityQuestion` VALUES(680,25,12,0);
INSERT INTO `ActivityQuestion` VALUES(681,26,12,0);
INSERT INTO `ActivityQuestion` VALUES(682,27,12,0);
INSERT INTO `ActivityQuestion` VALUES(683,28,12,0);
INSERT INTO `ActivityQuestion` VALUES(684,29,12,0);
INSERT INTO `ActivityQuestion` VALUES(685,30,12,0);
INSERT INTO `ActivityQuestion` VALUES(686,31,12,0);
INSERT INTO `ActivityQuestion` VALUES(687,32,12,0);
INSERT INTO `ActivityQuestion` VALUES(688,33,12,0);
INSERT INTO `ActivityQuestion` VALUES(689,34,12,0);
INSERT INTO `ActivityQuestion` VALUES(690,35,12,0);
INSERT INTO `ActivityQuestion` VALUES(691,36,12,0);
INSERT INTO `ActivityQuestion` VALUES(692,37,12,0);
INSERT INTO `ActivityQuestion` VALUES(693,38,12,0);
INSERT INTO `ActivityQuestion` VALUES(694,39,12,0);
INSERT INTO `ActivityQuestion` VALUES(695,40,12,0);
INSERT INTO `ActivityQuestion` VALUES(696,41,12,0);
INSERT INTO `ActivityQuestion` VALUES(697,42,12,0);
INSERT INTO `ActivityQuestion` VALUES(698,43,12,0);
INSERT INTO `ActivityQuestion` VALUES(699,44,12,0);
INSERT INTO `ActivityQuestion` VALUES(700,45,12,0);
INSERT INTO `ActivityQuestion` VALUES(701,46,12,0);
INSERT INTO `ActivityQuestion` VALUES(702,47,12,0);
INSERT INTO `ActivityQuestion` VALUES(703,48,12,0);
INSERT INTO `ActivityQuestion` VALUES(704,49,12,0);
INSERT INTO `ActivityQuestion` VALUES(705,18,13,0);
INSERT INTO `ActivityQuestion` VALUES(706,19,13,0);
INSERT INTO `ActivityQuestion` VALUES(707,20,13,0);
INSERT INTO `ActivityQuestion` VALUES(708,21,13,0);
INSERT INTO `ActivityQuestion` VALUES(709,22,13,0);
INSERT INTO `ActivityQuestion` VALUES(710,23,13,0);
INSERT INTO `ActivityQuestion` VALUES(711,24,13,0);
INSERT INTO `ActivityQuestion` VALUES(712,25,13,0);
INSERT INTO `ActivityQuestion` VALUES(713,26,13,0);
INSERT INTO `ActivityQuestion` VALUES(714,27,13,0);
INSERT INTO `ActivityQuestion` VALUES(715,28,13,0);
INSERT INTO `ActivityQuestion` VALUES(716,29,13,0);
INSERT INTO `ActivityQuestion` VALUES(717,30,13,0);
INSERT INTO `ActivityQuestion` VALUES(718,31,13,0);
INSERT INTO `ActivityQuestion` VALUES(719,32,13,0);
INSERT INTO `ActivityQuestion` VALUES(720,33,13,0);
INSERT INTO `ActivityQuestion` VALUES(721,34,13,0);
INSERT INTO `ActivityQuestion` VALUES(722,35,13,0);
INSERT INTO `ActivityQuestion` VALUES(723,36,13,0);
INSERT INTO `ActivityQuestion` VALUES(724,37,13,0);
INSERT INTO `ActivityQuestion` VALUES(725,38,13,0);
INSERT INTO `ActivityQuestion` VALUES(726,39,13,0);
INSERT INTO `ActivityQuestion` VALUES(727,40,13,0);
INSERT INTO `ActivityQuestion` VALUES(728,41,13,0);
INSERT INTO `ActivityQuestion` VALUES(729,42,13,0);
INSERT INTO `ActivityQuestion` VALUES(730,43,13,0);
INSERT INTO `ActivityQuestion` VALUES(731,44,13,0);
INSERT INTO `ActivityQuestion` VALUES(732,45,13,0);
INSERT INTO `ActivityQuestion` VALUES(733,46,13,0);
INSERT INTO `ActivityQuestion` VALUES(734,47,13,0);
INSERT INTO `ActivityQuestion` VALUES(735,48,13,0);
INSERT INTO `ActivityQuestion` VALUES(736,49,13,0);
INSERT INTO `ActivityQuestion` VALUES(737,18,14,0);
INSERT INTO `ActivityQuestion` VALUES(738,19,14,0);
INSERT INTO `ActivityQuestion` VALUES(739,20,14,0);
INSERT INTO `ActivityQuestion` VALUES(740,21,14,0);
INSERT INTO `ActivityQuestion` VALUES(741,22,14,0);
INSERT INTO `ActivityQuestion` VALUES(742,23,14,0);
INSERT INTO `ActivityQuestion` VALUES(743,24,14,0);
INSERT INTO `ActivityQuestion` VALUES(744,25,14,0);
INSERT INTO `ActivityQuestion` VALUES(745,26,14,0);
INSERT INTO `ActivityQuestion` VALUES(746,27,14,0);
INSERT INTO `ActivityQuestion` VALUES(747,28,14,0);
INSERT INTO `ActivityQuestion` VALUES(748,29,14,0);
INSERT INTO `ActivityQuestion` VALUES(749,30,14,0);
INSERT INTO `ActivityQuestion` VALUES(750,31,14,0);
INSERT INTO `ActivityQuestion` VALUES(751,32,14,0);
INSERT INTO `ActivityQuestion` VALUES(752,33,14,0);
INSERT INTO `ActivityQuestion` VALUES(753,34,14,0);
INSERT INTO `ActivityQuestion` VALUES(754,35,14,0);
INSERT INTO `ActivityQuestion` VALUES(755,36,14,0);
INSERT INTO `ActivityQuestion` VALUES(756,37,14,0);
INSERT INTO `ActivityQuestion` VALUES(757,38,14,0);
INSERT INTO `ActivityQuestion` VALUES(758,39,14,0);
INSERT INTO `ActivityQuestion` VALUES(759,40,14,0);
INSERT INTO `ActivityQuestion` VALUES(760,41,14,0);
INSERT INTO `ActivityQuestion` VALUES(761,42,14,0);
INSERT INTO `ActivityQuestion` VALUES(762,43,14,0);
INSERT INTO `ActivityQuestion` VALUES(763,44,14,0);
INSERT INTO `ActivityQuestion` VALUES(764,45,14,0);
INSERT INTO `ActivityQuestion` VALUES(765,46,14,0);
INSERT INTO `ActivityQuestion` VALUES(766,47,14,0);
INSERT INTO `ActivityQuestion` VALUES(767,48,14,0);
INSERT INTO `ActivityQuestion` VALUES(768,49,14,0);
INSERT INTO `ActivityQuestion` VALUES(769,18,15,0);
INSERT INTO `ActivityQuestion` VALUES(770,19,15,0);
INSERT INTO `ActivityQuestion` VALUES(771,20,15,0);
INSERT INTO `ActivityQuestion` VALUES(772,21,15,0);
INSERT INTO `ActivityQuestion` VALUES(773,22,15,0);
INSERT INTO `ActivityQuestion` VALUES(774,23,15,0);
INSERT INTO `ActivityQuestion` VALUES(775,24,15,0);
INSERT INTO `ActivityQuestion` VALUES(776,25,15,0);
INSERT INTO `ActivityQuestion` VALUES(777,26,15,0);
INSERT INTO `ActivityQuestion` VALUES(778,27,15,0);
INSERT INTO `ActivityQuestion` VALUES(779,28,15,0);
INSERT INTO `ActivityQuestion` VALUES(780,29,15,0);
INSERT INTO `ActivityQuestion` VALUES(781,30,15,0);
INSERT INTO `ActivityQuestion` VALUES(782,31,15,0);
INSERT INTO `ActivityQuestion` VALUES(783,32,15,0);
INSERT INTO `ActivityQuestion` VALUES(784,33,15,0);
INSERT INTO `ActivityQuestion` VALUES(785,34,15,0);
INSERT INTO `ActivityQuestion` VALUES(786,35,15,0);
INSERT INTO `ActivityQuestion` VALUES(787,36,15,0);
INSERT INTO `ActivityQuestion` VALUES(788,37,15,0);
INSERT INTO `ActivityQuestion` VALUES(789,38,15,0);
INSERT INTO `ActivityQuestion` VALUES(790,39,15,0);
INSERT INTO `ActivityQuestion` VALUES(791,40,15,0);
INSERT INTO `ActivityQuestion` VALUES(792,41,15,0);
INSERT INTO `ActivityQuestion` VALUES(793,42,15,0);
INSERT INTO `ActivityQuestion` VALUES(794,43,15,0);
INSERT INTO `ActivityQuestion` VALUES(795,44,15,0);
INSERT INTO `ActivityQuestion` VALUES(796,45,15,0);
INSERT INTO `ActivityQuestion` VALUES(797,46,15,0);
INSERT INTO `ActivityQuestion` VALUES(798,47,15,0);
INSERT INTO `ActivityQuestion` VALUES(799,48,15,0);
INSERT INTO `ActivityQuestion` VALUES(800,49,15,0);
CREATE TABLE "Activity" (
	`_id`	INTEGER PRIMARY KEY AUTOINCREMENT,
	`text`	TEXT,
	`favorite`	INTEGER,
	`discover`	INTEGER
);
INSERT INTO `Activity` VALUES(0,'Va mater Derrick sur France 2',0,0);
INSERT INTO `Activity` VALUES(1,'Regarde les infos pour voir ce
 qu''il se passe dans le monde',0,0);
INSERT INTO `Activity` VALUES(2,'Lis l''intégrale du Seigneur des Anneaux, histoire de voir les différences avec le film',0,0);
INSERT INTO `Activity` VALUES(3,'Lis toi une bonne BD',0,0);
INSERT INTO `Activity` VALUES(4,'Prépare un gratin dauphinois',0,0);
INSERT INTO `Activity` VALUES(5,'Prépare un dessert pour ce soir',0,0);
INSERT INTO `Activity` VALUES(6,'Prends ton plus beau crayon et 
dessine moi un mouton',0,0);
INSERT INTO `Activity` VALUES(7,'Dessine la première chose
 qui te traverse l''esprit',0,0);
INSERT INTO `Activity` VALUES(8,'Repeins le mur de ta chambre couleur 
taupe (c''est Valérie Damidot qui l''a dit)',0,0);
INSERT INTO `Activity` VALUES(9,'Prends toi pour Baudelaire en écrivant un poème pour ton amoureux(se) ...ou alors ta mère',0,0);
INSERT INTO `Activity` VALUES(10,'Brode une écharpe pour ta grand-mère',0,0);
INSERT INTO `Activity` VALUES(11,'Répare les chaussettes trouées que tu
caches au fond de ton tiroir',0,0);
INSERT INTO `Activity` VALUES(12,'Construis la maison de tes rêves en jouant au Sims 3',0,0);
INSERT INTO `Activity` VALUES(13,'Promène toi sur les toits de Paris et défonce des gardes en jouant à Assassin''s Creed',0,0);
INSERT INTO `Activity` VALUES(14,'Reprend ce fameux projet que tu as laissé dans un coin, la proscrastination c''est pas bon',0,0);
INSERT INTO `Activity` VALUES(15,'Planifie enfin ce voyage au Bahamas dont tu rêves depuis 3 ans',0,0);
INSERT INTO `Activity` VALUES(16,'Prépare ton road-trip en Amérique ! L''Amérique tu veux la voir...et tu l''auras',0,0);
INSERT INTO `Activity` VALUES(17,'Joue au monopoly avec tes petits cousins',0,0);
INSERT INTO `Activity` VALUES(18,'Franchement, va te laver, là, c''est plus possible !',0,0);
INSERT INTO `Activity` VALUES(19,'T''es un peu tendu, là, fais toi couler un bon bain chaud ! Tu seras propre et détendu',0,0);
INSERT INTO `Activity` VALUES(20,'Je pense que tu as besoin d''un peu d''exercice, vas faire de la gym !',0,0);
INSERT INTO `Activity` VALUES(21,'Ca fait combien de temps que t''as pas fait de sport ? Aller, au boulot !',0,0);
INSERT INTO `Activity` VALUES(22,'Il est grand temps que tu passes le balai dans ta chambre, ça sent le moisi',0,0);
INSERT INTO `Activity` VALUES(23,'Fais un petit effort en faisant le tri dans
tes affaires, et si tu les donne tu feras
des heureux !',0,0);
INSERT INTO `Activity` VALUES(24,'Va voir le dernier Tarantino au cinéma, ça
va être de la bombe',0,0);
INSERT INTO `Activity` VALUES(25,'Va voir le dernier film d''animation pour
retrouver ton âme d''enfant',0,0);
INSERT INTO `Activity` VALUES(26,'Va faire un tour du patée de maison !',0,0);
INSERT INTO `Activity` VALUES(27,'Va au parc !',0,0);
INSERT INTO `Activity` VALUES(28,'Tu as envie de te dépenser, fais 4 fois le
tour du patée de maison en courant, ça
te calmera',0,0);
INSERT INTO `Activity` VALUES(29,'Ca fait combien de temps que t''es pas 
sorti ? Allez va voir tes amis !',0,0);
INSERT INTO `Activity` VALUES(30,'Tu as toujours rêvé d''être Tarzan ? (ou Jane)
alors l''accrobranche est fait pour toi !',0,0);
INSERT INTO `Activity` VALUES(31,'Tu meurs de faim, avoue ! Alors amène
ton ami(e) manger dans un bon restaurant
(ou un kebab si tu préfères)',0,0);
INSERT INTO `Activity` VALUES(32,'Move your body on the dancefloor !',0,0);
INSERT INTO `Activity` VALUES(33,'Sors ton appareil photo et ton trepied et
prends toi pour Cartier Bresson !',0,0);
INSERT INTO `Activity` VALUES(34,'Ton idole de tous les temps est Spielberg ?
Alors dégaine ta caméra et réalise ton
propre film !',0,0);
INSERT INTO `Activity` VALUES(35,'Tu alternes tes repas entre pates et riz ?
Je crois qu''il est grand temps d''aller
faire les courses !',0,0);
INSERT INTO `Activity` VALUES(36,'On sait que Philippe Candeloro est ton
idole, alors suis ses traces en allant te
défouler à la patinoire',0,0);
INSERT INTO `Activity` VALUES(37,'Entraîne toi à nager la brasse indienne
en te rendant à la piscine',0,0);
INSERT INTO `Activity` VALUES(38,'Va piquer une tête à la piscine 
(mais la ramène pas à la maison)',0,0);
INSERT INTO `Activity` VALUES(39,'Repeins la face de tous tes potes
 en faisant du paintball !',0,0);
INSERT INTO `Activity` VALUES(40,'Fais le plein de sensations fortes en te
rendant dans un parc d''attraction',0,0);
INSERT INTO `Activity` VALUES(41,'Entraîne toi à chanter (mais pas trop faux,
pense à tes voisins !)',0,0);
INSERT INTO `Activity` VALUES(42,'Lance ta musique préférée et prend toi
pour une star en chantant.',0,0);
INSERT INTO `Activity` VALUES(43,'Avoue que tu as faim. Tu peux ouvrir les 
Granola au fond de ton placard, mais 
laisses-en!',0,0);
INSERT INTO `Activity` VALUES(44,'Have a break ... et prend un goûter',0,0);
INSERT INTO `Activity` VALUES(45,'T''en as pas marre d''avoir toujours 2 points
sur ton permis ? Allez une petite révision
du code de la route te fera pas de mal',0,0);
INSERT INTO `Activity` VALUES(46,'Franchement, tu n''y échapperas pas, alors
va réviser ton cours de maths pr demain !',0,0);
INSERT INTO `Activity` VALUES(47,'Tente ta chance au loto, on sait jamais  !',0,0);
INSERT INTO `Activity` VALUES(48,'T''as envie de vivre au Bahamas
 et d''être en vacances toute 
ta vie ? Va acheter une grille de Loto !',0,0);
INSERT INTO `Activity` VALUES(49,'Organise une mega fiesta avec tous tes
potos, tu vas bien rigoler !',0,0);
COMMIT;
